StartDate,EndDate,Status,IPAddress,Progress,Duration (in seconds),Finished,RecordedDate,ResponseId,RecipientLastName,RecipientFirstName,RecipientEmail,ExternalReference,LocationLatitude,LocationLongitude,DistributionChannel,UserLanguage,id,tas_1,tas_2,tas_3,tas_4,tas_5,tas_6,tas_7,tas_8,tas_9,tas_10,tas_11,tas_12,tas_13,tas_14,tas_15,tas_16,tas_17,tas_18,tas_19,tas_20,DASS_1,DASS_2,DASS_3,DASS_4,DASS_5,DASS_6,DASS_7,DASS_8,DASS_9,DASS_10,DASS_11,DASS_12,DASS_13,DASS_14,DASS_15,DASS_16,DASS_17,DASS_18,DASS_19,DASS_20,DASS_21,age,gender,yearsplay,musichours
Start Date,End Date,Response Type,IP Address,Progress,Duration (in seconds),Finished,Recorded Date,Response ID,Recipient Last Name,Recipient First Name,Recipient Email,External Data Reference,Location Latitude,Location Longitude,Distribution Channel,User Language,What is your participant id number (i.e. 014)? Please ask Joel if you do not remember,Please rate your agreement with the following statements - I am often confused about what emotion I am feeling,Please rate your agreement with the following statements - It is difficult for me to find the right words for my feelings,Please rate your agreement with the following statements - I have physical sensations that even doctors don’t understand,Please rate your agreement with the following statements - I am able to describe my feelings easily,Please rate your agreement with the following statements - I prefer to analyse problems than just describe them,"Please rate your agreement with the following statements - When I am upset, I do not know if I’m sad, frightened, or angry",Please rate your agreement with the following statements - I am often puzzled by sensations in my body,Please rate your agreement with the following statements - I prefer to just let things happen than to understand why they turned out that way,Please rate your agreement with the following statements - I have feelings that I can’t quite identify,Please rate your agreement with the following statements - Being in touch with emotions is essential,Please rate your agreement with the following statements - I find it hard to describe how I feel about people,Please rate your agreement with the following statements - People tell me to describe my feelings more,Please rate your agreement with the following statements - I don’t know what’s going on inside of me,Please rate your agreement with the following statements - I often don’t know why I am angry,Please rate your agreement with the following statements - I prefer talking to people about their daily activities rather than their feelings,Please rate your agreement with the following statements - I prefer to watch ‘light’ entertainment shows rather than psychological dramas,"Please rate your agreement with the following statements - It is difficult for me to reveal my innermost feelings, even to someone close",Please rate your agreement with the following statements - I can feel close to someone even in moments of silence,Please rate your agreement with the following statements - I find examination of my feelings useful in solving personal problems,Please rate your agreement with the following statements - Looking for hidden meanings in movies or plays detracts from their enjoyment,Please read each statement and indicate how much the statement has applied to you over the past week. There are no right or wrong answers. Do not spend to much time on any statement - I found it hard to wind down,Please read each statement and indicate how much the statement has applied to you over the past week. There are no right or wrong answers. Do not spend to much time on any statement - I was aware of dryness of my mouth,Please read each statement and indicate how much the statement has applied to you over the past week. There are no right or wrong answers. Do not spend to much time on any statement - I couldn’t seem to experience any positive feeling at all,"Please read each statement and indicate how much the statement has applied to you over the past week. There are no right or wrong answers. Do not spend to much time on any statement - I experienced breathing difficulty (e.g. excessively rapid breathing, breathlessness in the absence of physical exertion)",Please read each statement and indicate how much the statement has applied to you over the past week. There are no right or wrong answers. Do not spend to much time on any statement - I found it difficult to work up the initiative to do things,Please read each statement and indicate how much the statement has applied to you over the past week. There are no right or wrong answers. Do not spend to much time on any statement - I tended to over-react to situations,Please read each statement and indicate how much the statement has applied to you over the past week. There are no right or wrong answers. Do not spend to much time on any statement - I experienced trembling (e.g. in the hands),Please read each statement and indicate how much the statement has applied to you over the past week. There are no right or wrong answers. Do not spend to much time on any statement - I felt that I was using a lot of nervous energy,Please read each statement and indicate how much the statement has applied to you over the past week. There are no right or wrong answers. Do not spend to much time on any statement - I was worried about situations in which I might panic and make a fool of myself,Please read each statement and indicate how much the statement has applied to you over the past week. There are no right or wrong answers. Do not spend to much time on any statement - I felt that I had nothing to look forward to,Please read each statement and indicate how much the statement has applied to you over the past week. There are no right or wrong answers. Do not spend to much time on any statement - I found myself getting agitated,Please read each statement and indicate how much the statement has applied to you over the past week. There are no right or wrong answers. Do not spend to much time on any statement - I found it difficult to relax,Please read each statement and indicate how much the statement has applied to you over the past week. There are no right or wrong answers. Do not spend to much time on any statement - I felt down-hearted and blue,Please read each statement and indicate how much the statement has applied to you over the past week. There are no right or wrong answers. Do not spend to much time on any statement - I was intolerant of anything that kept me from getting on with what I was doing,Please read each statement and indicate how much the statement has applied to you over the past week. There are no right or wrong answers. Do not spend to much time on any statement - I felt I was close to panic,Please read each statement and indicate how much the statement has applied to you over the past week. There are no right or wrong answers. Do not spend to much time on any statement - I was unable to become enthusiastic about anything,Please read each statement and indicate how much the statement has applied to you over the past week. There are no right or wrong answers. Do not spend to much time on any statement - I felt I wasn’t worth much as a person,Please read each statement and indicate how much the statement has applied to you over the past week. There are no right or wrong answers. Do not spend to much time on any statement - I felt that I was rather touchy,"Please read each statement and indicate how much the statement has applied to you over the past week. There are no right or wrong answers. Do not spend to much time on any statement - I was aware of the action of my heart in the absence of physical exertion (e.g. sense of heart rate increase, heart missing a beat)",Please read each statement and indicate how much the statement has applied to you over the past week. There are no right or wrong answers. Do not spend to much time on any statement - I felt scared without any good reason,Please read each statement and indicate how much the statement has applied to you over the past week. There are no right or wrong answers. Do not spend to much time on any statement - I felt that life was meaningless,What is your age in years?,Which gender do you identify with?,How many years have/did you play an instrument or sing for?,How many hours a day do you typically listen to music
"{""ImportId"":""startDate"",""timeZone"":""America/Denver""}","{""ImportId"":""endDate"",""timeZone"":""America/Denver""}","{""ImportId"":""status""}","{""ImportId"":""ipAddress""}","{""ImportId"":""progress""}","{""ImportId"":""duration""}","{""ImportId"":""finished""}","{""ImportId"":""recordedDate"",""timeZone"":""America/Denver""}","{""ImportId"":""_recordId""}","{""ImportId"":""recipientLastName""}","{""ImportId"":""recipientFirstName""}","{""ImportId"":""recipientEmail""}","{""ImportId"":""externalDataReference""}","{""ImportId"":""locationLatitude""}","{""ImportId"":""locationLongitude""}","{""ImportId"":""distributionChannel""}","{""ImportId"":""userLanguage""}","{""ImportId"":""QID2_TEXT""}","{""ImportId"":""QID3_1""}","{""ImportId"":""QID3_2""}","{""ImportId"":""QID3_3""}","{""ImportId"":""QID3_4""}","{""ImportId"":""QID3_5""}","{""ImportId"":""QID3_6""}","{""ImportId"":""QID3_7""}","{""ImportId"":""QID3_8""}","{""ImportId"":""QID3_9""}","{""ImportId"":""QID3_10""}","{""ImportId"":""QID3_11""}","{""ImportId"":""QID3_12""}","{""ImportId"":""QID3_13""}","{""ImportId"":""QID3_14""}","{""ImportId"":""QID3_15""}","{""ImportId"":""QID3_16""}","{""ImportId"":""QID3_17""}","{""ImportId"":""QID3_18""}","{""ImportId"":""QID3_19""}","{""ImportId"":""QID3_20""}","{""ImportId"":""QID4_1""}","{""ImportId"":""QID4_2""}","{""ImportId"":""QID4_3""}","{""ImportId"":""QID4_4""}","{""ImportId"":""QID4_5""}","{""ImportId"":""QID4_6""}","{""ImportId"":""QID4_7""}","{""ImportId"":""QID4_8""}","{""ImportId"":""QID4_9""}","{""ImportId"":""QID4_10""}","{""ImportId"":""QID4_11""}","{""ImportId"":""QID4_12""}","{""ImportId"":""QID4_13""}","{""ImportId"":""QID4_14""}","{""ImportId"":""QID4_15""}","{""ImportId"":""QID4_16""}","{""ImportId"":""QID4_17""}","{""ImportId"":""QID4_18""}","{""ImportId"":""QID4_19""}","{""ImportId"":""QID4_20""}","{""ImportId"":""QID4_21""}","{""ImportId"":""QID5_TEXT""}","{""ImportId"":""QID6_TEXT""}","{""ImportId"":""QID7""}","{""ImportId"":""QID8""}"
2019-05-06 16:40:42,2019-05-06 16:43:43,0,*******,100,181,1,2019-05-06 16:43:44,R_9Ag5IOEASVPvDln,*******,*******,*******,*******,*******,*******,anonymous,EN,JOELTEST,,,,,,,,,,,,,,,,,,,,,,,,,,,,,,,,,,,,,,,,,,,,,
2019-05-06 16:43:52,2019-05-06 16:44:53,8,*******,100,61,1,2019-05-06 16:44:54,R_12fNC6iomPVzbQx,*******,*******,*******,*******,*******,*******,anonymous,EN,JOELTEST,,,,,,,,,,,,,,,,,,,,,,,,,,,,,,,,,,,,,,,,,,,,,
2019-05-06 16:45:00,2019-05-06 16:45:24,8,*******,100,23,1,2019-05-06 16:45:24,R_TdfFFIRgxo4AdnX,*******,*******,*******,*******,*******,*******,anonymous,EN,JOELTEST,,,,,,,,,,,,,,,,,,,,,,,,,,,,,,,,,,,,,,,,,,,,,
2019-05-06 16:53:50,2019-05-06 17:55:48,0,*******,100,3717,1,2019-05-06 17:55:48,R_1otXbAzRrbxli8u,*******,*******,*******,*******,*******,*******,anonymous,EN,001,2,2,2,4,4,2,2,2,2,4,5,2,3,2,1,2,4,4,3,2,1,1,1,0,1,1,0,0,1,1,0,0,0,0,0,0,0,0,0,0,0,17,Male,6,1
2019-05-06 17:56:39,2019-05-06 18:52:53,0,*******,100,3374,1,2019-05-06 18:52:53,R_3e38HshnmqD1O0W,*******,*******,*******,*******,*******,*******,anonymous,EN,002,3,4,2,2,2,4,3,1,4,4,4,4,4,4,3,2,4,4,3,2,2,1,1,3,2,3,3,3,3,2,1,2,2,2,3,2,3,1,2,3,2,17,Female,3,2
2019-05-06 18:58:18,2019-05-06 19:55:16,0,*******,100,3418,1,2019-05-06 19:55:17,R_TtF1TaA7OWr8GiJ,*******,*******,*******,*******,*******,*******,anonymous,EN,003,2,2,4,2,4,2,2,2,4,4,4,4,2,2,2,4,5,5,4,1,2,1,1,1,2,1,0,2,2,2,1,3,2,1,1,0,0,0,1,1,0,17,female,6,6
2019-05-06 20:48:24,2019-05-06 21:54:07,0,*******,100,3943,1,2019-05-06 21:54:08,R_2ovqf98XL9ouHsZ,*******,*******,*******,*******,*******,*******,anonymous,EN,004,2,2,3,4,5,2,2,5,2,2,2,2,2,2,2,1,1,5,3,1,2,0,1,1,3,1,2,1,1,2,1,3,1,3,2,1,0,0,1,2,0,21,Male,0,6
2019-05-06 21:57:23,2019-05-06 22:54:39,0,*******,100,3435,1,2019-05-06 22:54:39,R_2dN3LUs9vV8Pq1O,*******,*******,*******,*******,*******,*******,anonymous,EN,005,2,2,1,4,4,2,1,1,2,4,3,2,1,1,4,4,4,4,5,2,0,0,0,0,1,0,0,1,0,1,2,0,0,1,0,0,0,1,1,0,0,18,Female,6,1
2019-05-06 22:56:39,2019-05-06 23:59:44,0,*******,100,3784,1,2019-05-06 23:59:44,R_80vDrurtKP0QgFP,*******,*******,*******,*******,*******,*******,anonymous,EN,006,2,2,1,4,4,1,1,2,2,4,2,4,2,1,1,2,4,4,2,2,1,1,0,0,2,1,0,0,0,0,1,1,0,1,0,0,0,1,0,0,0,17,Female,2,4
2019-05-07 00:00:53,2019-05-07 00:54:49,0,*******,100,3236,1,2019-05-07 00:54:50,R_301v6LthZ0CzkOW,*******,*******,*******,*******,*******,*******,anonymous,EN,007,4,5,1,2,4,5,3,2,4,4,2,1,3,4,2,3,5,4,2,3,1,0,0,0,0,1,0,1,1,0,0,0,0,0,0,0,0,1,1,0,0,17,Girl/Female,6,4
2019-05-07 20:44:23,2019-05-07 22:01:54,0,*******,100,4650,1,2019-05-07 22:01:54,R_s7t0k4cBvqP3jJn,*******,*******,*******,*******,*******,*******,anonymous,EN,008,2,3,1,4,2,1,1,3,2,5,2,1,1,1,3,1,1,3,4,2,0,0,0,0,0,1,0,0,0,0,0,0,0,0,0,0,0,1,1,0,0,20,female,3,3
2019-05-07 22:48:11,2019-05-07 23:00:40,0,*******,100,749,1,2019-05-07 23:00:40,R_3oTOxAVl5KWuhoA,*******,*******,*******,*******,*******,*******,anonymous,EN,009,5,4,4,1,4,5,4,3,5,5,5,4,5,3,1,2,2,4,4,2,2,1,1,0,2,3,3,2,2,2,3,2,2,1,3,0,0,1,0,1,0,20,Female,6,3
2019-05-07 23:53:59,2019-05-08 01:01:21,0,*******,100,4042,1,2019-05-08 01:01:21,R_3CJHHCQhSyVn35D,*******,*******,*******,*******,*******,*******,anonymous,EN,010,2,4,1,3,5,2,1,2,2,4,2,5,2,1,3,1,4,5,4,1,1,0,1,0,2,1,0,0,0,0,1,1,1,1,0,0,0,1,1,0,0,23,Female,6,2
2019-05-08 01:09:07,2019-05-08 17:57:06,0,*******,100,60478,1,2019-05-08 17:57:06,R_309agQ1Sna7jkpy,*******,*******,*******,*******,*******,*******,anonymous,EN,011,3,2,2,4,4,2,2,3,2,4,2,2,2,2,2,2,2,4,4,2,2,0,0,0,0,1,0,2,1,1,0,1,0,0,0,0,0,0,0,0,0,25,female,0,4
2019-05-08 18:04:55,2019-05-08 20:00:43,0,*******,100,6947,1,2019-05-08 20:00:43,R_2whiqmLGy2d35pp,*******,*******,*******,*******,*******,*******,anonymous,EN,013,4,4,2,4,2,4,4,2,3,5,2,2,2,3,2,2,4,4,4,4,0,1,0,0,0,2,0,0,2,0,0,0,1,0,0,0,0,1,1,1,1,18,female,6,3
2019-05-08 20:51:34,2019-05-08 21:53:13,0,*******,100,3699,1,2019-05-08 21:53:14,R_5tNuedealRbXAOZ,*******,*******,*******,*******,*******,*******,anonymous,EN,014,1,2,2,5,3,2,2,2,4,5,2,2,2,2,2,1,1,4,4,3,1,0,0,1,3,1,1,1,3,1,1,0,1,2,0,1,0,0,0,0,0,18,Female,0,6
2019-05-08 21:56:27,2019-05-08 21:57:54,0,*******,100,87,1,2019-05-08 21:57:55,R_3M9UuXIHYagU5Ow,*******,*******,*******,*******,*******,*******,anonymous,EN,TEST,,,,,,,,,,,,,,,,,,,,,,,,,,,,,,,,,,,,,,,,,,,,,
2019-05-08 22:51:30,2019-05-08 22:59:18,0,*******,100,467,1,2019-05-08 22:59:18,R_2ANpHWcwv2i36M3,*******,*******,*******,*******,*******,*******,anonymous,EN,015,2,1,1,4,4,2,2,2,1,5,1,1,1,2,1,2,1,5,5,2,1,0,0,0,1,1,0,1,2,0,1,1,0,1,1,0,0,0,2,0,0,17,Female,1,2
2019-05-08 23:54:46,2019-05-09 00:01:18,0,*******,100,391,1,2019-05-09 00:01:19,R_2PuRFHYoITSgcPJ,*******,*******,*******,*******,*******,*******,anonymous,EN,016,4,3,3,4,3,1,2,1,4,5,3,1,1,2,1,3,3,5,5,1,3,3,1,2,3,0,0,1,0,1,2,3,1,1,2,0,0,1,0,1,0,17,Female,0,6
2019-05-08 23:57:50,2019-05-09 00:10:03,0,*******,100,733,1,2019-05-09 00:10:04,R_87Vu4fzkp2bWKEp,*******,*******,*******,*******,*******,*******,anonymous,EN,012,4,3,2,2,4,4,2,2,4,5,5,3,4,5,4,2,4,4,5,2,1,1,0,1,1,1,1,1,1,1,1,1,1,1,1,1,1,1,0,1,0,21,Female,6,4
2019-05-09 00:20:38,2019-05-09 01:05:30,0,*******,100,2692,1,2019-05-09 01:05:31,R_2uUowrGXcdbwT1K,*******,*******,*******,*******,*******,*******,anonymous,EN,017,4,3,2,3,4,3,2,2,4,4,3,2,3,2,3,2,3,4,2,2,1,1,0,1,1,2,0,2,1,1,0,0,1,1,2,1,0,0,1,0,0,19,female,6,5
2019-05-09 17:50:52,2019-05-09 20:02:43,0,*******,100,7910,1,2019-05-09 20:02:44,R_7ODTV3X1abB3eud,*******,*******,*******,*******,*******,*******,anonymous,EN,018,2,4,1,4,3,3,3,2,3,5,2,2,2,2,2,3,2,3,2,3,2,2,1,0,1,0,0,0,0,0,0,1,0,1,0,0,0,0,0,0,0,20,F,6,3
2019-05-09 23:45:20,2019-05-10 00:06:24,0,*******,100,1263,1,2019-05-10 00:06:24,R_shU3vp0BmPvZpCx,*******,*******,*******,*******,*******,*******,anonymous,EN,019,4,5,1,1,2,2,3,3,4,4,5,3,2,4,3,3,5,4,3,5,2,0,1,0,0,1,0,0,0,1,2,1,1,0,0,0,1,1,0,0,2,17,Female,6,6
2019-05-12 16:40:49,2019-05-12 18:54:08,0,*******,100,7998,1,2019-05-12 18:54:08,R_1DvCxxTl8MeZz8S,*******,*******,*******,*******,*******,*******,anonymous,EN,020,2,2,2,4,4,2,3,1,2,5,2,2,2,2,1,4,4,5,5,2,1,2,0,1,0,2,0,1,2,0,2,2,1,3,0,0,0,1,2,1,0,28,Female,0,4
2019-05-12 19:51:35,2019-05-12 19:56:29,0,*******,100,294,1,2019-05-12 19:56:29,R_1Ij814ZWAYrEyys,*******,*******,*******,*******,*******,*******,anonymous,EN,021,4,5,1,1,2,4,2,3,4,5,2,2,2,1,3,5,3,5,4,2,1,2,0,0,1,3,0,3,2,0,0,1,0,3,2,0,0,3,1,2,0,17,Female,1,6
2019-05-12 21:54:20,2019-05-12 21:58:38,0,*******,100,257,1,2019-05-12 21:58:38,R_T25ZnjqX8kKIVcl,*******,*******,*******,*******,*******,*******,anonymous,EN,022,2,3,2,4,4,2,2,4,4,4,4,4,4,4,4,2,4,2,4,5,2,2,1,1,1,2,1,1,1,2,1,1,1,1,1,1,1,1,1,1,1,17,female,4,2
2019-05-12 22:52:21,2019-05-12 22:58:00,0,*******,100,339,1,2019-05-12 22:58:02,R_yrNmkXOsIPxLPyx,*******,*******,*******,*******,*******,*******,anonymous,EN,023,4,4,1,2,4,3,2,2,4,4,5,5,2,2,3,2,5,3,4,3,2,1,0,1,2,3,1,2,3,3,3,2,3,2,3,1,3,0,1,3,3,17,Female,4,3
2019-05-12 23:43:23,2019-05-12 23:56:23,0,*******,100,780,1,2019-05-12 23:56:23,R_2RPWAQ3Cn7rfNHL,*******,*******,*******,*******,*******,*******,anonymous,EN,024,4,4,3,2,4,5,4,1,4,4,5,3,5,3,4,1,4,5,3,1,1,3,0,1,3,0,3,2,0,0,2,1,0,1,2,0,1,2,3,1,0,20,Female,6,4
2019-05-13 00:39:44,2019-05-13 01:04:44,0,*******,100,1500,1,2019-05-13 01:04:45,R_3fDFXHDi6q87TK5,*******,*******,*******,*******,*******,*******,anonymous,EN,025,2,2,4,4,5,1,2,3,4,4,3,1,1,1,2,3,5,5,3,3,1,2,0,0,1,1,2,1,0,0,0,1,0,2,1,0,0,0,3,0,0,18,Female,1,6
2019-05-13 17:09:10,2019-05-13 17:55:29,0,*******,100,2779,1,2019-05-13 17:55:30,R_25F8u9lhIpb8Fqg,*******,*******,*******,*******,*******,*******,anonymous,EN,026,2,2,1,4,4,2,2,2,2,4,2,2,2,1,4,1,4,4,4,2,1,0,0,0,1,1,0,0,2,0,0,1,0,1,0,0,0,1,1,1,0,17,Female,6,4
2019-05-13 18:49:10,2019-05-13 18:53:11,0,*******,100,240,1,2019-05-13 18:53:11,R_29rZHPdZcEFGVTI,*******,*******,*******,*******,*******,*******,anonymous,EN,027,4,4,1,3,4,1,4,3,3,4,5,3,2,5,5,5,1,3,5,5,0,0,0,0,1,1,0,2,2,0,0,1,1,2,0,0,0,0,0,2,0,18,female,0,1
2019-05-13 18:55:36,2019-05-13 19:57:43,0,*******,100,3726,1,2019-05-13 19:57:44,R_yOYyZifskBHRk2J,*******,*******,*******,*******,*******,*******,anonymous,EN,028,3,2,1,3,2,2,2,4,4,4,4,2,3,3,1,2,5,4,4,4,2,0,0,0,1,1,1,2,2,0,0,1,1,0,1,0,1,0,1,1,0,17,female,6,6
2019-05-13 19:58:10,2019-05-13 21:57:21,0,*******,100,7150,1,2019-05-13 21:57:22,R_3ixtXWK1kTSpvcr,*******,*******,*******,*******,*******,*******,anonymous,EN,029,2,3,1,3,5,2,1,1,2,4,2,2,3,4,2,2,3,4,4,2,2,0,0,1,2,2,0,2,0,0,2,1,1,1,1,0,0,1,1,1,0,17,"Female ",2,3
2019-05-13 22:52:20,2019-05-13 22:56:53,0,*******,100,273,1,2019-05-13 22:56:53,R_Ua5VtisXQZNIdDH,*******,*******,*******,*******,*******,*******,anonymous,EN,030,2,4,2,4,2,2,2,2,4,4,4,5,2,2,4,4,4,4,4,4,1,0,1,0,1,2,0,1,2,2,2,1,2,2,1,1,1,0,2,1,2,18,"male ",0,2
2019-05-13 23:55:51,2019-05-14 00:07:09,0,*******,100,678,1,2019-05-14 00:07:09,R_1lsCIp398Y69zzc,*******,*******,*******,*******,*******,*******,anonymous,EN,031,2,2,3,1,1,2,2,1,2,1,2,3,1,2,3,3,2,5,1,2,1,0,0,1,0,2,0,1,1,0,1,1,0,1,0,0,0,1,2,1,0,50,female,6,1
2019-05-14 00:51:40,2019-05-14 01:00:31,0,*******,100,530,1,2019-05-14 01:00:32,R_31hqHW2ShTNY7sy,*******,*******,*******,*******,*******,*******,anonymous,EN,032,3,2,1,2,4,2,1,2,1,4,2,2,2,2,2,4,2,2,4,2,1,1,1,1,1,2,2,3,2,1,1,3,1,2,2,1,1,2,1,1,1,20,male,0,2
2019-05-14 21:49:30,2019-05-14 21:53:05,0,*******,100,214,1,2019-05-14 21:53:05,R_3svLLWALY4yrM9S,*******,*******,*******,*******,*******,*******,anonymous,EN,033,2,4,2,2,4,2,2,4,3,4,4,4,2,3,2,3,4,3,4,2,2,1,0,0,1,0,0,1,0,0,1,0,0,0,0,0,0,0,0,0,0,18,Female,1,2
2019-05-14 22:32:28,2019-05-14 22:47:41,0,*******,100,912,1,2019-05-14 22:47:41,R_w5lqetYBARXe4Kd,*******,*******,*******,*******,*******,*******,anonymous,EN,034,3,3,2,4,3,3,3,3,3,4,4,3,2,3,2,3,3,3,3,3,1,1,1,1,1,2,1,1,1,1,2,1,1,1,1,2,1,1,1,1,1,18,Female,0,4
2019-05-15 16:51:27,2019-05-15 16:51:58,0,*******,100,31,1,2019-05-15 16:51:59,R_9uDSypsb2ThGEEN,*******,*******,*******,*******,*******,*******,anonymous,EN,TEST,,,,,,,,,,,,,,,,,,,,,,,,,,,,,,,,,,,,,,,,,,,,,
2019-05-15 17:52:36,2019-05-15 17:56:00,0,*******,100,203,1,2019-05-15 17:56:00,R_CmocScWeARf5RTj,*******,*******,*******,*******,*******,*******,anonymous,EN,035,2,4,1,3,4,2,3,2,2,4,2,2,2,2,2,2,2,4,4,2,1,0,1,0,1,0,0,0,0,0,1,1,0,0,0,0,0,0,0,0,0,17,female,0,2
2019-05-15 19:54:19,2019-05-15 19:58:24,0,*******,100,245,1,2019-05-15 19:58:25,R_Rss4nqFydU47p73,*******,*******,*******,*******,*******,*******,anonymous,EN,036,4,4,2,4,4,4,3,3,4,4,4,4,3,3,4,3,5,4,4,2,2,2,1,0,2,2,0,1,2,0,1,1,1,1,1,1,0,0,1,1,0,18,Female,6,1
2019-05-15 21:49:02,2019-05-15 21:52:44,0,*******,100,221,1,2019-05-15 21:52:44,R_2b2lYpaeKX8LUHY,*******,*******,*******,*******,*******,*******,anonymous,EN,037,1,2,2,2,4,2,2,1,3,4,2,3,2,3,2,1,1,3,3,2,1,1,1,1,1,1,1,1,1,1,1,1,1,0,0,0,0,1,1,0,0,17,Female,3,3
2019-05-08 21:55:19,2019-05-08 21:56:14,0,*******,38,55,0,2019-05-15 21:56:32,R_25Tq9ioYwC7ApEj,*******,*******,*******,*******,*******,*******,anonymous,EN,TEST,,,,,,,,,,,,,,,,,,,,,,,,,,,,,,,,,,,,,,,,,,,,,
2019-05-08 21:55:40,2019-05-08 21:56:15,8,*******,38,34,0,2019-05-15 21:56:34,R_1FOMLeb6Cwc9p0g,*******,*******,*******,*******,*******,*******,anonymous,EN,TEST,,,,,,,,,,,,,,,,,,,,,,,,,,,,,,,,,,,,,,,,,,,,,
2019-05-15 22:13:19,2019-05-15 22:59:01,0,*******,100,2742,1,2019-05-15 22:59:02,R_2tFHjzTE3zoDUfp,*******,*******,*******,*******,*******,*******,anonymous,EN,038,1,2,2,4,4,1,2,2,3,4,2,2,2,2,2,4,4,4,4,3,0,1,0,0,1,1,0,0,0,0,2,0,0,0,0,0,0,0,2,1,0,18,Male,0,3
2019-05-15 23:02:38,2019-05-16 00:04:29,0,*******,100,3711,1,2019-05-16 00:04:29,R_1dN25A7Ijmz7Gdy,*******,*******,*******,*******,*******,*******,anonymous,EN,039,2,2,4,4,3,2,4,3,2,1,2,3,2,2,4,2,3,4,2,1,1,0,1,0,2,0,0,0,0,0,0,1,0,0,0,0,0,0,1,0,2,18,Male,6,6
2019-05-16 17:12:47,2019-05-16 17:51:07,0,*******,100,2300,1,2019-05-16 17:51:08,R_3iDycDSDDXMiZzG,*******,*******,*******,*******,*******,*******,anonymous,EN,040,2,2,1,4,2,3,2,1,2,5,1,1,1,2,1,1,2,1,2,4,0,2,0,0,0,2,0,0,0,0,0,0,0,0,0,0,0,0,0,0,0,18,Female,1,4
2019-05-16 18:23:22,2019-05-16 19:00:14,0,*******,100,2211,1,2019-05-16 19:00:14,R_1jBQ4u6sa7YSiXX,*******,*******,*******,*******,*******,*******,anonymous,EN,041,4,4,1,2,4,3,4,2,5,4,2,3,4,2,2,3,4,5,4,4,1,0,0,0,2,1,0,1,1,0,0,2,2,2,0,2,1,0,0,1,0,19,female,6,2
2019-05-16 19:11:00,2019-05-16 19:54:06,0,*******,100,2585,1,2019-05-16 19:54:07,R_3kzDSGPAEYQtgtc,*******,*******,*******,*******,*******,*******,anonymous,EN,042,2,2,1,4,5,2,1,2,4,3,2,2,1,3,2,2,2,4,4,4,2,1,0,0,1,0,0,0,1,0,1,0,2,3,2,2,1,2,0,1,0,17,Female,6,4
2019-05-16 22:37:21,2019-05-16 23:01:05,0,*******,100,1424,1,2019-05-16 23:01:06,R_1rwTDdS9ZvynHoc,*******,*******,*******,*******,*******,*******,anonymous,EN,043,4,5,4,2,3,4,4,1,4,3,4,4,3,4,3,2,3,5,4,2,2,0,0,1,1,2,2,2,1,1,1,1,1,1,1,1,1,2,1,2,1,20,Female,6,4
2019-05-16 23:25:08,2019-05-16 23:55:20,0,*******,100,1812,1,2019-05-16 23:55:21,R_11Z1EmshDNH69O0,*******,*******,*******,*******,*******,*******,anonymous,EN,044,2,4,2,5,5,4,3,2,3,4,4,4,4,3,3,4,5,4,3,4,1,0,3,1,3,1,1,1,2,3,1,2,2,1,1,0,2,0,2,2,0,19,Female,4,6
2019-05-17 01:05:46,2019-05-17 01:11:46,0,*******,100,359,1,2019-05-17 01:11:46,R_1qeQJN5cC3dRucf,*******,*******,*******,*******,*******,*******,anonymous,EN,045,4,4,2,1,4,4,3,4,4,5,5,5,3,3,2,2,4,4,3,1,1,3,0,0,3,1,0,2,3,0,0,2,1,0,1,2,1,2,1,1,1,18,Female,6,2
2019-05-19 18:05:25,2019-05-19 20:03:51,0,*******,100,7105,1,2019-05-19 20:03:52,R_1f1SAv1JUF4mpU4,*******,*******,*******,*******,*******,*******,anonymous,EN,046,4,4,2,1,4,2,3,2,4,4,4,4,4,4,2,2,4,2,3,4,2,0,1,1,2,2,2,2,2,1,3,2,1,1,1,0,0,1,0,0,0,18,Female,6,2
2019-05-19 21:11:34,2019-05-19 22:00:36,0,*******,100,2942,1,2019-05-19 22:00:37,R_xaA1uRdGg5vEqVr,*******,*******,*******,*******,*******,*******,anonymous,EN,047,3,4,3,3,4,2,2,1,4,4,4,1,2,1,3,2,1,5,4,4,1,0,0,0,2,1,1,1,1,0,1,0,0,1,1,0,0,0,1,0,0,17,Female,6,4
2019-05-19 22:44:48,2019-05-19 23:01:47,0,*******,100,1019,1,2019-05-19 23:01:48,R_3sgh1G4zTFhyaZJ,*******,*******,*******,*******,*******,*******,anonymous,EN,048,3,3,2,2,2,2,3,2,2,3,2,2,3,2,2,2,2,2,2,2,2,1,1,1,1,2,0,2,2,0,2,1,0,1,2,1,0,1,2,1,0,17,female,6,6
2019-05-19 23:52:36,2019-05-19 23:55:52,0,*******,100,196,1,2019-05-19 23:55:53,R_A6fJX743bqjADQt,*******,*******,*******,*******,*******,*******,anonymous,EN,049,1,1,1,5,5,2,2,1,2,5,1,1,2,2,1,3,2,2,5,5,3,2,1,3,3,3,3,2,3,0,0,1,0,1,1,0,0,0,3,0,0,20,Female,6,5
2019-05-19 23:56:23,2019-05-20 01:07:07,0,*******,100,4243,1,2019-05-20 01:07:09,R_yDgJI55H3pifZDP,*******,*******,*******,*******,*******,*******,anonymous,EN,050,2,4,1,4,4,2,2,2,4,4,2,2,2,2,4,1,4,5,4,1,1,1,0,0,1,2,0,2,2,0,1,1,1,1,2,0,0,1,0,0,0,18,"Female ",4,5
2019-05-20 17:11:19,2019-05-20 18:00:06,0,*******,100,2927,1,2019-05-20 18:00:07,R_1Nh26rnA3fjHYuS,*******,*******,*******,*******,*******,*******,anonymous,EN,051,2,3,1,3,4,2,2,2,2,4,2,2,2,2,2,4,2,4,4,4,1,1,0,0,0,0,0,0,0,0,1,0,0,0,0,0,0,1,0,1,0,19,female,6,4
2019-05-20 18:10:46,2019-05-20 18:56:01,0,*******,100,2714,1,2019-05-20 18:56:02,R_2QzHOzZhyJiu9zS,*******,*******,*******,*******,*******,*******,anonymous,EN,052,4,5,2,5,4,5,5,4,4,4,2,5,4,2,2,2,5,1,3,4,2,2,1,1,1,1,2,2,1,3,3,2,2,3,3,2,3,2,1,2,3,17,female,5,5
2019-05-20 19:08:17,2019-05-20 19:54:03,0,*******,100,2745,1,2019-05-20 19:54:03,R_3HS2qgHynHnWUao,*******,*******,*******,*******,*******,*******,anonymous,EN,053,4,3,1,2,2,3,2,4,3,3,4,4,3,4,2,1,4,4,3,4,2,2,1,0,2,1,0,0,1,1,1,2,2,1,2,1,1,1,2,0,0,18,Female,1,3
2019-05-20 20:49:57,2019-05-20 22:47:26,0,*******,100,7049,1,2019-05-20 22:47:27,R_UH1PojPZIKvCNO1,*******,*******,*******,*******,*******,*******,anonymous,EN,054,4,4,4,2,4,5,5,1,5,5,4,2,5,4,2,3,2,5,4,1,2,3,3,3,3,2,2,3,2,3,3,3,2,1,3,2,2,2,1,2,3,20,female,4,5
2019-05-20 23:07:03,2019-05-20 23:46:03,0,*******,100,2339,1,2019-05-20 23:46:03,R_1QzsKqgVHdxIHhF,*******,*******,*******,*******,*******,*******,anonymous,EN,055,1,2,1,4,4,2,1,3,1,5,3,2,1,1,3,1,4,3,4,1,1,0,1,0,1,0,0,0,0,0,0,0,0,0,0,0,0,0,0,0,0,18,Female,6,3
2019-05-21 00:49:21,2019-05-21 01:02:35,0,*******,100,794,1,2019-05-21 01:02:36,R_4ZUvmL32qWASFkl,*******,*******,*******,*******,*******,*******,anonymous,EN,056,4,4,1,3,2,2,1,1,1,4,2,1,1,1,1,4,3,4,4,2,2,0,0,0,0,1,0,1,0,0,1,1,0,1,1,0,0,1,1,0,0,20,female,2,2
2019-05-22 22:07:11,2019-05-22 22:48:39,0,*******,100,2488,1,2019-05-22 22:48:40,R_2OZUH9ulfX3Hiyf,*******,*******,*******,*******,*******,*******,anonymous,EN,057,2,4,2,4,4,4,2,2,2,5,3,2,2,1,1,2,1,5,3,2,0,1,0,1,2,2,1,1,2,1,2,1,1,0,2,1,0,0,3,1,0,18,Female,0,2
2019-05-22 23:25:19,2019-05-23 00:10:47,0,*******,100,2728,1,2019-05-23 00:10:49,R_poTV099HCpTp8A1,*******,*******,*******,*******,*******,*******,anonymous,EN,058,4,4,1,2,4,4,2,1,4,5,4,4,2,4,2,4,2,5,4,2,1,0,0,0,0,2,1,2,3,1,2,1,1,0,2,1,1,1,0,1,2,17,female,2,1
2019-05-23 00:12:29,2019-05-23 00:56:07,0,*******,100,2618,1,2019-05-23 00:56:08,R_RC4VKTsYvPNQ6TD,*******,*******,*******,*******,*******,*******,anonymous,EN,059,2,4,1,2,4,3,2,2,2,4,4,3,2,3,2,2,3,4,4,1,1,0,0,0,1,0,0,1,1,0,0,1,0,1,0,0,0,0,0,0,0,18,Female,4,3
2019-05-26 17:45:29,2019-05-26 18:54:36,0,*******,100,4147,1,2019-05-26 18:54:36,R_1rr9X91YLoTnP4f,*******,*******,*******,*******,*******,*******,anonymous,EN,060,2,2,1,4,5,4,3,2,3,4,4,5,2,2,4,4,5,5,2,2,2,0,0,0,1,1,0,1,1,0,1,1,1,1,0,0,0,1,1,0,0,18,Female,0,1
2019-05-26 19:11:02,2019-05-26 19:47:36,0,*******,100,2193,1,2019-05-26 19:47:36,R_3RvKrv4hzIF2w0o,*******,*******,*******,*******,*******,*******,anonymous,EN,061,1,1,1,5,4,2,2,2,2,5,1,2,2,2,2,3,1,5,5,2,1,2,0,1,0,1,2,0,2,1,1,0,1,0,0,0,0,0,2,2,0,18,"female ",2,6
2019-05-26 22:38:12,2019-05-26 22:47:16,0,*******,100,543,1,2019-05-26 22:47:16,R_d0WvswQvEyaAENz,*******,*******,*******,*******,*******,*******,anonymous,EN,062,4,4,4,2,3,4,4,4,4,4,4,4,4,4,3,4,4,4,4,4,2,2,1,1,2,1,2,2,2,1,1,1,1,1,2,1,1,,1,1,1,18,female,2,0
2019-05-26 23:09:16,2019-05-26 23:57:38,0,*******,100,2901,1,2019-05-26 23:57:39,R_3PmD4qrJ7rRsi5z,*******,*******,*******,*******,*******,*******,anonymous,EN,063,2,3,2,3,4,4,3,4,4,3,2,2,3,3,3,2,5,4,4,4,1,1,1,2,3,2,1,2,1,1,2,2,2,2,2,2,0,2,2,0,0,19,Female,6,6
2019-05-27 00:16:03,2019-05-27 01:02:39,0,*******,100,2795,1,2019-05-27 01:02:39,R_2co3PY0Pq8xo4yY,*******,*******,*******,*******,*******,*******,anonymous,EN,064,2,2,3,4,5,2,4,2,2,4,2,4,3,2,2,2,4,5,5,2,2,1,0,1,3,2,0,3,3,0,2,2,1,2,1,1,2,2,2,1,2,20,female,6,2
2019-05-27 20:13:23,2019-05-27 20:57:36,0,*******,100,2652,1,2019-05-27 20:57:36,R_3oz8vrqIyqWsH7U,*******,*******,*******,*******,*******,*******,anonymous,EN,065,2,1,2,4,4,2,2,2,2,4,2,2,2,2,2,2,5,4,4,2,1,2,1,2,2,0,0,1,1,1,0,0,1,0,0,0,0,0,1,0,0,17,Female,1,2
2019-05-27 23:43:54,2019-05-27 23:46:42,0,*******,100,167,1,2019-05-27 23:46:42,R_3KqDIq6xEjKaQwZ,*******,*******,*******,*******,*******,*******,anonymous,EN,066,3,2,1,4,3,3,2,1,3,4,4,3,3,2,3,3,2,4,5,2,1,1,1,1,1,1,1,1,1,0,1,1,1,1,1,1,1,1,1,0,1,18,Female,0,1
2019-05-28 00:27:02,2019-05-28 00:54:27,0,*******,100,1645,1,2019-05-28 00:54:28,R_dhEDaxapj6lMAXT,*******,*******,*******,*******,*******,*******,anonymous,EN,067,3,3,1,4,3,2,2,2,3,5,1,1,2,1,3,2,4,3,4,3,1,0,0,0,2,2,1,0,0,1,2,1,1,0,1,1,0,1,0,1,0,18,Male,2,2
2019-05-29 21:13:00,2019-05-29 21:59:20,0,*******,100,2779,1,2019-05-29 21:59:20,R_1GIylwOLZT0e38t,*******,*******,*******,*******,*******,*******,anonymous,EN,068,2,2,2,4,4,2,4,1,5,4,4,2,2,4,2,1,2,5,5,2,1,1,0,0,1,0,0,0,2,0,0,1,1,0,0,1,0,0,0,0,0,18,Male,2,2
2019-05-29 22:53:38,2019-05-29 23:00:20,0,*******,100,402,1,2019-05-29 23:00:21,R_2cdMSsiDwZQ7P13,*******,*******,*******,*******,*******,*******,anonymous,EN,069,1,2,3,4,4,2,2,3,3,5,1,1,1,1,1,2,1,5,5,1,1,3,0,0,0,0,0,0,0,0,0,0,0,1,0,0,0,0,0,0,0,19,Female,3,1
2019-05-29 23:10:56,2019-05-29 23:56:16,0,*******,100,2720,1,2019-05-29 23:56:17,R_3EnHFr8RkuAMQNO,*******,*******,*******,*******,*******,*******,anonymous,EN,070,4,4,4,3,4,2,1,4,4,4,4,4,4,2,4,2,2,4,4,1,2,2,0,0,1,0,0,0,0,0,1,0,0,0,2,0,0,0,1,1,0,20,Male,6,2
2019-05-30 00:56:30,2019-05-30 01:00:46,0,*******,100,256,1,2019-05-30 01:00:47,R_31tKLITqEMjLPxg,*******,*******,*******,*******,*******,*******,anonymous,EN,071,4,2,1,4,1,3,3,2,2,4,3,3,2,1,3,3,2,4,4,2,1,2,0,0,1,1,0,0,0,0,1,1,0,1,0,1,0,0,0,0,0,17,female,4,2
2019-08-25 17:06:15,2019-08-25 19:01:49,0,*******,100,6933,1,2019-08-25 19:01:49,R_2wKPG0GncVxjquy,*******,*******,*******,*******,*******,*******,anonymous,EN,072,4,4,2,3,2,3,2,2,3,5,2,2,2,2,2,2,2,4,4,4,1,0,0,0,0,0,0,0,0,0,1,0,1,0,0,0,0,0,2,0,0,20,female,0,2
2019-08-25 19:58:07,2019-08-25 20:13:07,0,*******,100,899,1,2019-08-25 20:13:08,R_2qauJcZk2eiFjz6,*******,*******,*******,*******,*******,*******,anonymous,EN,073,4,3,4,3,4,2,3,2,5,3,2,3,3,1,1,2,3,5,4,1,1,2,0,1,3,0,1,1,2,1,0,0,1,1,0,2,0,0,1,1,0,19,male,6,4
2019-08-25 20:59:48,2019-08-25 22:04:53,0,*******,100,3905,1,2019-08-25 22:04:54,R_1exEWlq61qYt9Pm,*******,*******,*******,*******,*******,*******,anonymous,EN,074,4,4,3,2,4,3,3,3,4,4,4,2,2,2,3,3,2,3,3,4,0,2,0,0,1,0,0,1,1,0,1,1,1,0,0,0,0,0,0,0,0,20,female,0,2
2019-08-25 22:51:10,2019-08-25 23:45:35,0,*******,100,3264,1,2019-08-25 23:45:35,R_2dQ0QnaIOH3XBpF,*******,*******,*******,*******,*******,*******,anonymous,EN,075,2,2,1,3,4,4,2,2,3,4,3,2,2,2,4,5,2,5,4,2,2,0,0,0,1,1,0,1,0,0,1,1,0,0,0,0,0,1,0,0,0,19,Female,3,1
2019-08-26 17:09:17,2019-08-26 17:43:57,0,*******,100,2079,1,2019-08-26 17:43:58,R_szpT3YHQRZr1vvr,*******,*******,*******,*******,*******,*******,anonymous,EN,076,2,2,2,3,2,3,2,2,3,4,3,3,3,2,3,3,3,2,2,3,1,0,0,0,1,0,0,0,0,0,0,1,0,0,0,0,0,0,0,0,0,19,male,0,1
2019-08-26 18:06:13,2019-08-26 18:52:02,0,*******,100,2748,1,2019-08-26 18:52:02,R_bqNJapgvIoO9QKl,*******,*******,*******,*******,*******,*******,anonymous,EN,077,4,4,2,2,5,2,2,1,4,4,4,4,2,3,3,2,4,5,4,2,2,3,0,0,0,2,1,2,2,2,3,2,2,2,2,1,1,0,2,0,0,19,Male,0,2
2019-08-26 19:21:10,2019-08-26 19:50:16,0,*******,100,1745,1,2019-08-26 19:50:16,R_AAlBndzQHFKzffr,*******,*******,*******,*******,*******,*******,anonymous,EN,078,2,4,1,2,4,2,2,4,2,2,3,4,2,2,4,4,3,4,2,2,0,0,0,0,0,0,0,0,0,0,1,0,0,0,0,0,0,0,0,0,0,17,Female,4,3
2019-08-26 20:54:01,2019-08-26 22:02:53,0,*******,100,4131,1,2019-08-26 22:02:53,R_3D5gKghkCxC0SGJ,*******,*******,*******,*******,*******,*******,anonymous,EN,079,4,5,5,2,4,3,4,4,4,2,4,5,5,4,3,4,4,5,2,3,2,1,1,1,3,0,2,3,0,0,2,3,0,0,1,1,0,1,2,1,0,18,nonbinary,6,6
2019-08-26 22:53:07,2019-08-26 22:56:46,0,*******,100,218,1,2019-08-26 22:56:47,R_vowqbFODoQxbZnz,*******,*******,*******,*******,*******,*******,anonymous,EN,080,4,3,3,3,2,2,3,4,3,4,2,2,3,2,3,2,4,3,3,4,2,0,1,0,2,1,0,0,1,1,0,1,0,0,1,1,0,1,0,1,0,18,female,6,6
2019-08-26 23:49:29,2019-08-26 23:52:31,0,*******,100,181,1,2019-08-26 23:52:31,R_3RvYerAmGd1nmc5,*******,*******,*******,*******,*******,*******,anonymous,EN,081,1,3,1,5,5,2,1,2,2,5,3,2,3,2,2,1,2,5,5,2,0,0,0,0,1,0,0,0,0,0,0,0,0,0,0,0,0,0,0,0,0,18,female,0,6
2019-08-26 18:56:07,2019-08-27 17:56:26,0,*******,100,82818,1,2019-08-27 17:56:26,R_xEo4AC852UtmsEx,*******,*******,*******,*******,*******,*******,anonymous,EN,082,2,1,3,4,3,2,2,5,4,5,2,1,2,2,2,4,2,4,4,1,3,1,1,1,2,1,1,1,2,2,2,3,1,1,1,1,1,1,2,2,1,25,F,6,3
2019-08-27 17:57:10,2019-08-27 19:01:00,0,*******,100,3830,1,2019-08-27 19:01:00,R_2fDPWZeJRtLuoWi,*******,*******,*******,*******,*******,*******,anonymous,EN,083,1,2,1,4,4,1,1,3,2,4,2,1,1,1,2,5,2,5,4,3,0,1,0,0,1,2,0,0,1,1,0,0,1,0,0,0,1,0,0,0,1,19,female,6,2
2019-08-27 19:01:31,2019-08-27 19:54:16,0,*******,100,3165,1,2019-08-27 19:54:17,R_R32DYeOnMpFN2c9,*******,*******,*******,*******,*******,*******,anonymous,EN,084,3,3,1,2,4,1,2,2,3,4,2,2,3,4,2,2,4,5,4,2,2,0,1,1,3,2,0,0,0,2,2,2,2,1,0,1,1,0,0,0,1,18,Female,4,2
2019-08-27 19:54:33,2019-08-27 21:03:15,0,*******,100,4121,1,2019-08-27 21:03:15,R_54OXwyzV0v3AVZ7,*******,*******,*******,*******,*******,*******,anonymous,EN,085,1,1,1,5,5,2,2,2,1,5,1,1,1,4,2,5,1,1,5,1,0,1,0,1,2,0,0,1,1,0,1,1,2,1,1,0,1,1,0,1,0,18,woman,6,6
2019-08-27 22:03:28,2019-08-27 23:00:38,0,*******,100,3429,1,2019-08-27 23:00:38,R_aXzNSvDKtSZF0OZ,*******,*******,*******,*******,*******,*******,anonymous,EN,086,2,3,1,4,4,2,2,2,2,5,3,2,3,2,3,4,2,3,4,4,1,0,0,0,1,1,2,1,1,1,1,0,1,1,1,1,0,2,2,1,0,22,femail,6,1
2019-08-27 23:01:12,2019-08-27 23:54:24,0,*******,100,3191,1,2019-08-27 23:54:24,R_Xjn5AORw1Dl7laF,*******,*******,*******,*******,*******,*******,anonymous,EN,087,2,2,2,4,4,2,2,2,2,4,2,2,2,2,3,2,2,2,4,2,1,2,0,0,1,0,0,0,0,0,0,0,0,0,0,0,0,0,0,0,0,18,Female,6,6
2019-08-28 00:11:39,2019-08-28 01:09:31,0,*******,100,3472,1,2019-08-28 01:09:31,R_1QASke6qVRtYXFI,*******,*******,*******,*******,*******,*******,anonymous,EN,088,4,4,1,3,3,2,2,2,3,4,2,4,3,2,2,4,4,4,3,3,1,1,1,0,0,1,1,0,2,0,0,0,1,0,0,1,1,2,1,0,0,22,Female,6,1
2019-08-28 17:01:42,2019-08-28 17:56:27,0,*******,100,3285,1,2019-08-28 17:56:27,R_3kpPrfRsAl9AbZC,*******,*******,*******,*******,*******,*******,anonymous,EN,089,5,5,4,1,5,5,5,1,5,4,5,5,5,5,5,5,5,5,4,1,1,1,2,2,0,3,1,2,3,1,2,1,1,1,1,2,1,2,2,2,1,18,Female,5,3
2019-08-28 17:56:40,2019-08-28 18:50:07,0,*******,100,3206,1,2019-08-28 18:50:07,R_2dM8uSCgp88Qm90,*******,*******,*******,*******,*******,*******,anonymous,EN,090,2,1,1,2,3,2,2,2,2,2,1,2,1,1,1,1,1,1,1,2,0,2,0,1,1,1,1,1,1,0,0,0,0,0,0,0,0,0,0,0,0,19,"Female ",6,4
2019-08-28 18:54:43,2019-08-28 19:54:29,0,*******,100,3586,1,2019-08-28 19:54:30,R_274fkm4Zm6Mblhz,*******,*******,*******,*******,*******,*******,anonymous,EN,091,2,3,1,4,3,2,2,3,2,5,2,2,2,1,3,4,2,4,4,3,1,1,0,0,0,0,0,1,1,0,1,2,0,0,0,0,0,0,0,0,0,22,F,6,2
2019-08-28 20:56:07,2019-08-28 21:52:37,0,*******,100,3389,1,2019-08-28 21:52:38,R_3nMcoqN99Qe2BpC,*******,*******,*******,*******,*******,*******,anonymous,EN,092,4,4,2,3,2,2,3,1,1,4,5,1,5,4,2,3,1,4,2,4,1,2,2,0,1,3,2,2,2,2,2,3,2,3,3,2,1,0,2,3,1,18,Female,0,2
2019-08-28 21:55:10,2019-08-28 22:57:36,0,*******,100,3745,1,2019-08-28 22:57:36,R_1rcwKsGDCfNiS70,*******,*******,*******,*******,*******,*******,anonymous,EN,093,2,2,1,4,5,2,2,1,2,5,1,1,2,5,2,3,4,4,4,1,2,0,1,1,1,1,1,2,0,0,1,2,1,1,0,0,1,0,1,0,1,19,Female,1,3
2019-09-01 16:59:38,2019-09-01 17:54:08,0,*******,100,3269,1,2019-09-01 17:54:09,R_1JOUblfON4nC0Nz,*******,*******,*******,*******,*******,*******,anonymous,EN,094,2,1,1,4,5,2,2,3,2,5,3,2,2,1,3,4,1,5,5,1,1,2,0,0,1,0,1,0,0,0,0,0,0,2,0,0,0,0,0,0,0,18,Female,5,6
2019-09-01 17:54:40,2019-09-01 18:55:24,0,*******,100,3644,1,2019-09-01 18:55:24,R_eLP0nai7mJc509X,*******,*******,*******,*******,*******,*******,anonymous,EN,095,3,4,3,2,2,2,3,4,4,4,4,4,4,4,3,4,4,2,2,4,3,2,2,1,3,1,1,3,1,2,2,3,2,1,1,3,2,1,3,1,2,18,Female,6,2
2019-09-01 18:55:40,2019-09-01 19:51:15,0,*******,100,3335,1,2019-09-01 19:51:16,R_3ffnyOOvcBX7iGR,*******,*******,*******,*******,*******,*******,anonymous,EN,096,4,4,1,3,3,1,1,1,1,4,1,1,1,1,3,2,1,5,5,1,0,0,0,0,0,0,0,0,0,0,0,0,0,0,0,0,0,0,0,0,0,18 years,Female,4,4
2019-09-01 21:54:52,2019-09-01 22:46:20,0,*******,100,3088,1,2019-09-01 22:46:20,R_1jBS085MxxckOiO,*******,*******,*******,*******,*******,*******,anonymous,EN,097,2,1,2,5,5,2,1,2,1,5,2,1,1,3,2,2,1,4,4,2,1,3,0,0,0,0,0,1,1,0,1,1,0,1,0,0,0,1,0,0,0,18,Male,2,4
2019-08-26 19:10:04,2019-08-26 19:10:10,0,*******,13,5,0,2019-09-02 19:10:14,R_2dPV4kGlzMAdzGV,*******,*******,*******,*******,*******,*******,anonymous,EN,,,,,,,,,,,,,,,,,,,,,,,,,,,,,,,,,,,,,,,,,,,,,,
2019-09-02 18:54:05,2019-09-02 19:50:57,0,*******,100,3411,1,2019-09-02 19:50:57,R_sM91fCAn2ylv09r,*******,*******,*******,*******,*******,*******,anonymous,EN,098,1,2,1,4,4,2,1,2,2,5,2,3,1,2,2,2,2,4,4,2,3,0,1,0,1,1,0,0,0,0,0,2,0,1,0,1,0,2,0,0,0,19,"Female ",2,1
2019-09-02 20:55:05,2019-09-02 21:52:43,0,*******,100,3458,1,2019-09-02 21:52:43,R_qwSMpERI1BKqV7r,*******,*******,*******,*******,*******,*******,anonymous,EN,099,4,3,2,3,2,4,4,2,3,4,4,2,4,4,2,3,5,4,2,3,2,1,0,0,1,1,1,2,2,0,1,1,0,1,0,1,0,0,1,2,0,18,"Female ",0,3
2019-09-02 21:54:20,2019-09-02 23:01:16,0,*******,100,4016,1,2019-09-02 23:01:17,R_9YN0kMDgLrMLVaF,*******,*******,*******,*******,*******,*******,anonymous,EN,100,4,4,3,3,4,4,4,4,3,4,3,2,4,4,5,3,4,5,3,1,1,2,1,0,2,0,0,1,0,2,1,2,1,1,0,2,0,0,0,0,1,19,"Male ",6,1
2019-09-03 16:53:53,2019-09-03 17:57:17,0,*******,100,3804,1,2019-09-03 17:57:18,R_2uEa7SQpRl6zku5,*******,*******,*******,*******,*******,*******,anonymous,EN,101,4,4,2,2,4,4,3,4,4,3,2,2,4,2,4,5,4,3,2,2,2,0,0,0,1,0,1,1,0,1,2,1,1,1,0,1,0,0,1,0,1,17,Female,2,1
2019-09-03 18:02:49,2019-09-03 18:54:26,0,*******,100,3097,1,2019-09-03 18:54:27,R_zUVjLzNnJxIpjep,*******,*******,*******,*******,*******,*******,anonymous,EN,102,2,2,3,4,5,3,3,4,3,5,2,2,3,2,3,2,2,4,4,4,2,2,1,0,1,3,1,0,3,0,1,1,1,1,0,1,0,1,1,0,0,18,Female,3,2
2019-09-03 19:01:31,2019-09-03 20:01:24,0,*******,100,3592,1,2019-09-03 20:01:24,R_2E5FFoogt8J6Fq8,*******,*******,*******,*******,*******,*******,anonymous,EN,103,2,3,2,4,2,3,2,4,4,4,2,2,2,2,4,5,3,4,4,4,1,0,1,0,1,0,0,1,1,1,0,1,0,2,1,0,1,1,2,0,1,19,Male,3,4
2019-09-04 16:59:55,2019-09-04 17:54:16,0,*******,100,3260,1,2019-09-04 17:54:16,R_A0UFFrYC93rkexX,*******,*******,*******,*******,*******,*******,anonymous,EN,104,2,4,1,4,4,4,2,1,2,4,1,1,2,1,4,4,4,2,1,2,1,1,1,0,1,0,0,0,1,2,0,0,0,2,0,2,1,0,0,0,0,18,Male,0,3
2019-09-04 18:00:13,2019-09-04 19:00:30,0,*******,100,3617,1,2019-09-04 19:00:31,R_1mqmcdQNJWXx53Q,*******,*******,*******,*******,*******,*******,anonymous,EN,105,2,2,3,4,5,2,3,1,2,5,3,2,2,3,2,3,4,4,4,2,2,1,0,1,1,1,0,1,0,0,1,1,1,1,0,0,0,1,1,0,0,47,Female,2,2
2019-09-04 20:57:14,2019-09-04 21:57:12,0,*******,100,3597,1,2019-09-04 21:57:12,R_DUYiUFRbOoYjp7z,*******,*******,*******,*******,*******,*******,anonymous,EN,106,,,,,,,,,,,,,,,,,,,,,,,,,,,,,,,,,,,,,,,,,,,,,
2019-09-04 21:57:14,2019-09-04 22:57:44,0,*******,100,3629,1,2019-09-04 22:57:44,R_2qjAfjSda3RlAOK,*******,*******,*******,*******,*******,*******,anonymous,EN,107,2,2,2,4,5,2,5,1,5,5,4,5,4,4,1,1,5,5,4,1,2,2,1,2,3,1,1,1,1,1,1,2,1,1,1,2,0,0,2,0,0,18,Female,1,5
2019-09-04 23:02:10,2019-09-05 00:00:38,0,*******,100,3508,1,2019-09-05 00:00:39,R_1daDWpmw9ydMrcr,*******,*******,*******,*******,*******,*******,anonymous,EN,108,4,4,3,3,4,2,5,2,4,4,2,4,3,4,3,4,4,4,4,1,1,1,1,0,3,1,1,1,2,1,1,2,1,2,1,1,1,1,1,0,1,17,Male,6,5
2019-09-05 00:01:26,2019-09-05 01:03:53,0,*******,100,3747,1,2019-09-05 01:03:55,R_VWNdt28PNbz01s5,*******,*******,*******,*******,*******,*******,anonymous,EN,109,2,2,1,4,3,1,2,2,2,4,3,3,2,2,3,4,3,3,4,5,0,1,0,0,1,2,1,1,0,0,0,1,0,1,0,0,0,0,2,1,0,19,Male,6,2
2019-09-08 21:19:34,2019-09-09 22:07:01,0,*******,100,89247,1,2019-09-09 22:07:01,R_1N5oSlGlYXWPBGt,*******,*******,*******,*******,*******,*******,anonymous,EN,110,3,3,2,3,4,2,3,3,4,4,4,4,2,1,3,3,5,5,4,3,1,0,1,1,1,1,0,1,2,0,0,0,0,1,1,1,0,0,1,0,0,20,Female,6,1
2019-09-09 22:07:35,2019-09-09 23:01:08,0,*******,100,3212,1,2019-09-09 23:01:08,R_1d76MptLf8FsDI3,*******,*******,*******,*******,*******,*******,anonymous,EN,111,4,4,1,3,5,4,4,1,3,4,3,2,4,4,2,1,3,4,4,1,2,0,2,0,1,3,0,2,1,3,2,2,3,2,1,2,2,2,0,0,2,17,Female,1,3
2019-09-10 19:03:08,2019-09-10 20:01:49,0,*******,100,3521,1,2019-09-10 20:01:50,R_ZmCY0JvBwo3Bjax,*******,*******,*******,*******,*******,*******,anonymous,EN,112,1,2,2,4,4,1,1,1,2,4,2,1,1,1,3,3,2,4,4,1,2,0,0,0,1,1,0,1,1,0,1,0,0,0,0,0,0,2,1,0,0,18,"Female ",6,2
2019-09-10 23:05:35,2019-09-11 00:03:02,0,*******,100,3447,1,2019-09-11 00:03:03,R_vVOMM93vOrZWA93,*******,*******,*******,*******,*******,*******,anonymous,EN,113,2,2,3,4,3,2,3,2,3,3,2,3,2,3,4,1,4,3,5,2,0,0,0,0,1,1,0,1,0,0,1,1,0,0,0,0,0,0,1,0,1,22,Male,6,2
2019-09-18 17:53:09,2019-09-18 18:54:04,0,*******,100,3654,1,2019-09-18 18:54:05,R_12F4VwEXHLqYVAo,*******,*******,*******,*******,*******,*******,anonymous,EN,114,2,2,3,4,4,1,1,1,2,5,2,1,1,1,2,1,1,2,2,2,3,2,0,2,2,2,0,1,3,1,1,3,2,0,1,1,1,2,2,2,0,18,Female,6,2
2019-09-22 18:52:14,2019-09-22 18:56:22,0,*******,100,248,1,2019-09-22 18:56:23,R_yqiAFkfXpXeuU93,*******,*******,*******,*******,*******,*******,anonymous,EN,115,4,4,2,4,4,2,3,1,4,4,4,2,1,2,5,1,4,4,5,5,0,0,0,0,0,0,0,2,2,2,0,1,1,1,1,2,0,0,0,0,0,17,Male,1,3
2019-09-25 19:52:04,2019-09-25 22:56:32,0,*******,100,11068,1,2019-09-25 22:56:32,R_1rAOln4NOX3tmQt,*******,*******,*******,*******,*******,*******,anonymous,EN,117,3,2,2,4,5,2,4,1,3,4,1,1,3,2,2,3,3,5,5,2,1,0,1,1,2,1,2,3,2,1,2,1,3,1,1,1,1,0,1,0,0,18,Female,6,4
2019-09-25 23:23:30,2019-09-25 23:54:02,0,*******,100,1831,1,2019-09-25 23:54:02,R_3oR6ixK8FDvHP7j,*******,*******,*******,*******,*******,*******,anonymous,EN,118,2,2,2,4,2,2,3,4,2,4,2,2,2,2,4,3,3,3,3,3,1,1,0,0,2,0,0,0,0,0,1,0,0,0,0,0,0,0,0,0,0,20,Male,0,2
2019-09-26 01:54:29,2019-09-26 02:00:37,0,*******,100,368,1,2019-09-26 02:00:38,R_22MiuTtYJqFrNMi,*******,*******,*******,*******,*******,*******,anonymous,EN,119,1,2,1,4,3,4,3,4,3,2,2,2,2,4,3,4,2,4,4,4,1,1,0,0,1,1,1,2,3,2,2,2,2,1,2,1,2,1,1,2,1,21,Female,4,1
2019-10-22 23:09:40,2019-10-23 00:20:46,0,*******,100,4265,1,2019-10-23 00:20:46,R_3htO48a29GNtSWH,*******,*******,*******,*******,*******,*******,anonymous,EN,120,3,2,2,4,3,2,2,2,2,4,2,2,2,2,4,2,5,4,4,1,1,0,2,0,3,2,0,1,0,2,2,2,2,2,0,2,1,1,1,0,0,19,Female,3,2
2019-10-23 00:56:03,2019-10-23 01:13:59,0,*******,100,1075,1,2019-10-23 01:13:59,R_2cqHSM3O3AVDXbW,*******,*******,*******,*******,*******,*******,anonymous,EN,121,4,5,4,2,4,4,2,4,4,3,4,4,4,2,3,1,4,5,4,3,0,3,0,1,1,1,0,1,1,0,1,1,1,1,2,1,0,0,0,1,2,19,Female,3,6
2019-10-23 00:11:31,2019-10-23 05:21:33,0,*******,13,18602,0,2019-10-30 05:22:16,R_28YzU8lEUT9nzLv,*******,*******,*******,*******,*******,*******,anonymous,EN,,,,,,,,,,,,,,,,,,,,,,,,,,,,,,,,,,,,,,,,,,,,,,
